Microsoft_PersonEmail,Microsoft_ManagerEmail,Microsoft_Organization,Microsoft_LevelDesignation,Microsoft_JobDiscipline,Microsoft_Layer,Microsoft_CompanyOfficeCity
Emp1@contoso.com,Mgr1@contoso.com,Sales,Junior IC,Account Management,8,Seattle
Emp2@contoso.com,Mgr1@contoso.com,Sales,Junior IC,Account Management,8,Seattle
Emp3@contoso.com,Mgr2@contoso.com,Sales,Manager,Account Management,7,Seattle
Emp4@contoso.com,Mgr3@contoso.com,Sales,Support,Customer Success,9,New York
Emp5@contoso.com,Mgr3@contoso.com,Sales,Support,Customer Success,9,New York
Emp6@contoso.com,Mgr3@contoso.com,Sales,Support,Customer Success,9,New York
Mgr1@contoso.com,Dir1@contoso.com,Sales,Manager,Account Management,7,Seattle
Mgr2@contoso.com,Dir1@contoso.com,Sales,Manager,Account Management,7,Seattle
Mgr3@contoso.com,Dir1@contoso.com,Sales,Manager,Customer Success,7,New York
Dir1@contoso.com,,Sales,Director,Leadership,6,Seattle
